{"descriptive": 0.0476190485060215, "explanatory": {"per_q": 0.14764813029036752, "per_opt": 0.4962374269962311}, "predictive": {"per_q": 0.14764813029036752, "per_opt": 0.4928310513496399}, "counterfactual": {"per_q": 0.14764813029036752, "per_opt": 0.501891016960144}}